month,date,nav,daily_ret,idx_ret,in_market,regime,position_cap,invested_pct
2025-05 May,2025-05-06,5000.0,0.0,1.0070358043914318,False,neutral,0,0.0
2025-05 May,2025-05-07,5000.0,0.0,0.6061374667786223,False,correction,0,0.0
2025-05 May,2025-05-08,5000.0,0.0,0.5550905659658545,False,correction,0,0.0
2025-05 May,2025-05-09,5000.0,0.0,-0.17490739433403402,False,correction,0,0.0
2025-05 May,2025-05-12,5000.0,0.0,1.1557770522628186,False,neutral,0,0.0
2025-05 May,2025-05-13,5000.0,0.0,0.14517003760334823,True,neutral,29,28.999999999999996
2025-05 May,2025-05-14,5007.651447993747,0.1530289598749457,1.2050793350953715,True,neutral,50,29.108484548734655
2025-05 May,2025-05-15,4995.287145532308,-0.24690820816596348,-0.913265863784607,True,neutral,50,28.9330143278139
2025-05 May,2025-05-16,5003.831974773544,0.17105781894597438,-0.4636057697598672,True,neutral,50,29.054372371073466
2025-05 May,2025-05-19,5006.90144970385,0.06134248603431036,-0.3070130891970724,True,neutral,50,29.097865503025293
2025-05 May,2025-05-20,5028.476888660282,0.43091399287895626,0.5423062588580052,True,neutral,30,30.009086914627087
2025-05 May,2025-05-21,5020.078139012834,-0.16702372971800772,0.46714215461558517,True,neutral,50,29.891989901329207
2025-05 May,2025-05-22,4998.735242288851,-0.4251506875584288,-0.06424298350952151,True,neutral,50,29.592652579680074
2025-05 May,2025-05-23,4977.005046192794,-0.434713883468385,-0.8071560976170566,True,neutral,25,29.285245725186908
2025-05 May,2025-05-26,4994.236326766355,0.34621786423025824,-0.5709797917406112,False,neutral,0,29.52922812647401
2025-05 May,2025-05-27,5024.928207991835,0.6145460330138519,-0.5365136251404445,False,neutral,0,0.0
2025-05 May,2025-05-28,5024.928207991835,0.0,-0.08230459105947885,False,neutral,0,0.0
2025-05 May,2025-05-29,5024.928207991835,0.0,0.5855477646453888,False,neutral,0,0.0
2025-05 May,2025-05-30,5024.928207991835,0.0,-0.47860678466841167,False,neutral,0,0.0
2025-06 Jun,2025-06-03,5000.0,0.0,0.30677834047525554,False,neutral,0,0.0
2025-06 Jun,2025-06-04,5000.0,0.0,0.4343183680844298,False,neutral,0,0.0
2025-06 Jun,2025-06-05,5000.0,0.0,0.22780008907286042,False,neutral,0,0.0
2025-06 Jun,2025-06-06,5000.0,0.0,-0.09211988169868235,False,neutral,0,0.0
2025-06 Jun,2025-06-09,5000.0,0.0,0.29070847995242843,False,neutral,0,0.0
2025-06 Jun,2025-06-10,5000.0,0.0,-0.5091312107392887,False,neutral,0,0.0
2025-06 Jun,2025-06-11,5000.0,0.0,0.7543723717586381,False,neutral,0,0.0
2025-06 Jun,2025-06-12,5000.0,0.0,-0.062290977950374415,False,neutral,0,0.0
2025-06 Jun,2025-06-13,5000.0,0.0,-0.7198244488527017,False,correction,0,0.0
2025-06 Jun,2025-06-16,5000.0,0.0,0.24877192637406953,False,correction,0,0.0
2025-06 Jun,2025-06-17,5000.0,0.0,-0.08818226054811973,False,correction,0,0.0
2025-06 Jun,2025-06-18,5000.0,0.0,0.11864471153859579,False,correction,0,0.0
2025-06 Jun,2025-06-19,5000.0,0.0,-0.8227158345185059,False,correction,0,0.0
2025-06 Jun,2025-06-20,5000.0,0.0,0.09245162292539355,False,correction,0,0.0
2025-06 Jun,2025-06-23,5000.0,0.0,0.29267070204572754,False,correction,0,0.0
2025-06 Jun,2025-06-24,5000.0,0.0,1.1957794677003308,True,correction,18,18.0
2025-06 Jun,2025-06-25,5003.706986636547,0.07413973273093788,1.4352334021681123,True,correction,30,18.06074954129183
2025-06 Jun,2025-06-26,5002.717774520199,-0.019769585209328255,-0.3546910581793239,True,correction,30,18.044547288234273
2025-06 Jun,2025-06-27,5010.391375203511,0.1533886385195693,-0.6148473651932829,True,neutral,50,18.17006511126155
2025-06 Jun,2025-06-30,5021.01876298277,0.21210693902782296,0.3651678660437474,True,neutral,50,18.343264712988898
2025-07 Jul,2025-07-01,5000.0,0.0,0.16978825882305593,True,neutral,30,30.0
2025-07 Jul,2025-07-02,4974.038310960845,-0.5192337807831016,0.0234099851829761,True,neutral,50,29.63463927715711
2025-07 Jul,2025-07-03,5005.7160316461595,0.6368612122570338,0.6182796039744698,True,neutral,50,30.079933063062636
2025-07 Jul,2025-07-04,4990.699817631325,-0.2999813397304707,0.356218693832866,True,neutral,50,29.86955481403483
2025-07 Jul,2025-07-07,4987.092528716838,-0.07228022213923158,-0.42760251046970454,True,neutral,50,29.818827706801386
2025-07 Jul,2025-07-08,5025.464968269815,0.7694350833079344,0.8392567793350736,True,neutral,28,27.997409371742314
2025-07 Jul,2025-07-09,5020.376576097385,-0.10125216680560989,-0.17636821040537543,True,neutral,50,27.924431296692752
2025-07 Jul,2025-07-10,5015.327992943097,-0.10056184188103057,0.46657802611163035,True,neutral,50,27.851877816142085
2025-07 Jul,2025-07-11,5019.428981784191,0.08176910556725314,0.1192760941081561,True,bull,90,27.910824490167276
2025-07 Jul,2025-07-14,5031.372234338074,0.23794046289380422,0.07126120882026132,True,bull,90,28.081946639238105
2025-07 Jul,2025-07-15,5029.747545287182,-0.032291171776233085,0.034746524600826056,True,neutral,60,60.00301153937304
2025-07 Jul,2025-07-16,5054.290220601899,0.48795044072764693,-0.29514334680910137,True,neutral,50,60.19722933425835
2025-07 Jul,2025-07-17,5091.5069358976825,0.736339103442929,0.6809988615497753,True,neutral,50,60.48817038619055
2025-07 Jul,2025-07-18,5079.852250126971,-0.2289044465115131,0.5963081836097839,True,neutral,50,60.397518545211646
2025-07 Jul,2025-07-21,5100.593339066732,0.408301027638025,0.6666914702766924,True,bull,90,60.55855835675628
2025-07 Jul,2025-07-22,5090.1090207436055,-0.20555095507859278,0.8163046519158446,True,bull,90,89.9980723660565
2025-07 Jul,2025-07-23,5077.762102042044,-0.2425668812051862,0.01968944572876552,True,bull,90,89.97375200900284
2025-07 Jul,2025-07-24,5147.227374409122,1.3680292808349925,0.7104281817742697,True,bull,90,90.10906292434674
2025-07 Jul,2025-07-25,5163.297880263856,0.3122167467214165,-0.5272066747054938,True,bull,90,90.13984797023586
2025-07 Jul,2025-07-28,5192.150334419748,0.5587989464287402,0.20985359676852777,True,bull,90,90.1946402173946
2025-07 Jul,2025-07-29,5258.0812285552665,1.2698186664290123,0.3917236323402573,True,bull,90,89.97578763726916
2025-07 Jul,2025-07-30,5216.9836363767245,-0.7816081645021344,-0.01895460648717595,True,bull,90,89.89682036033119
2025-07 Jul,2025-07-31,5198.874416776703,-0.34712049839970005,-1.8222756681259944,True,bull,90,89.8616279928905
2025-08 Aug,2025-08-01,5000.0,0.0,-0.5069694186683571,True,neutral,30,30.0
2025-08 Aug,2025-08-04,5014.7098080502465,0.29419616100492263,0.38898338293962276,True,neutral,50,30.20533323022287
2025-08 Aug,2025-08-05,5038.192188024223,0.4682699672128532,0.8044804065735933,True,neutral,50,30.53063739173158
2025-08 Aug,2025-08-06,5049.731333014699,0.22903344215221555,0.244550317415837,True,neutral,50,30.689381886174644
2025-08 Aug,2025-08-07,5053.00962112035,0.06492004998797096,0.028710448682822687,True,neutral,50,30.734349181310638
2025-08 Aug,2025-08-08,5057.64303514699,0.09169612516217729,-0.23571779580652263,True,neutral,60,60.00818916853024
2025-08 Aug,2025-08-11,5115.439310646736,1.142751180700241,0.4273846781228885,True,neutral,50,60.460032612697134
2025-08 Aug,2025-08-12,5125.584507719235,0.19832504026358055,0.5170149940169733,True,neutral,50,60.538295054918166
2025-08 Aug,2025-08-13,5162.298933951461,0.7162973545150386,0.7904050002111696,True,neutral,50,60.818947894620145
2025-08 Aug,2025-08-14,5106.3230053165025,-1.0843217208289735,-0.07817404583370102,True,neutral,50,60.389442010599524
2025-08 Aug,2025-08-15,5162.6279848238255,1.102652132438564,0.6958500356910591,True,neutral,60,60.027567531689066
2025-08 Aug,2025-08-18,5219.840613324228,1.1082074607851933,0.8818868857518591,True,neutral,50,60.46568970791591
2025-08 Aug,2025-08-19,5226.741773698779,0.13221017432860638,-0.3783306792709218,True,bull,90,60.51788907559767
2025-08 Aug,2025-08-20,5228.273300785975,0.02930175534789914,1.1370529818102826,True,bull,90,60.52945463823407
2025-08 Aug,2025-08-21,5222.32278867099,-0.11381409831980882,0.3903875922532052,True,bull,90,60.484480405911654
2025-08 Aug,2025-08-22,5241.527577131856,0.36774418660079355,2.097143447484884,True,bull,90,89.97377063463964
2025-08 Aug,2025-08-25,5338.260483198664,1.8455098183369545,2.083692135080928,True,bull,90,90.15545272123998
2025-08 Aug,2025-08-26,5302.534642026043,-0.6692412497490974,-0.3721229332532494,True,bull,90,90.0891250579165
2025-08 Aug,2025-08-27,5213.68238699788,-1.6756562856553803,-1.4927039110486429,True,bull,90,89.92022263491846
2025-08 Aug,2025-08-28,5283.573829173984,1.3405389317616034,1.7704685705635104,True,bull,90,90.05355855481602
2025-08 Aug,2025-08-29,5274.33126246107,-0.174930208448687,0.7387681566886517,True,bull,90,89.98297156226506
2025-09 Sep,2025-09-01,5000.0,0.0,0.5993650093322866,True,neutral,30,30.0
2025-09 Sep,2025-09-02,4966.9242824578405,-0.6615143508431953,-0.7351928538317232,True,bull,45,29.53385634725129
2025-09 Sep,2025-09-03,4935.386876680834,-0.6349483902621689,-0.6819579227307471,True,bull,45,29.083573639644765
2025-09 Sep,2025-09-04,4903.46988194241,-0.6466969162889247,-2.121627954428762,True,bull,45,28.621974147549047
2025-09 Sep,2025-09-05,4951.206298480035,0.9735231924931309,2.178956379866337,True,bull,50,29.31015617195226
2025-09 Sep,2025-09-08,4976.037682118042,0.5015218946871514,0.16249936944057186,True,bull,60,59.987487850563056
2025-09 Sep,2025-09-09,4912.7959573538365,-1.270925358774344,-0.7009398615310913,True,bull,50,59.47241246325915
2025-09 Sep,2025-09-10,4920.956710631355,0.16611219656503806,0.20528562585855337,True,neutral,50,59.53962208575102
2025-09 Sep,2025-09-11,4961.021582164005,0.8141683393819044,2.309596624799082,True,neutral,50,59.86637733493697
2025-09 Sep,2025-09-12,4961.330473244735,0.006226360349659288,-0.5724889979958458,True,bull,90,59.86887604332688
2025-09 Sep,2025-09-15,4965.684495267534,0.08775916150474128,0.2445379232808076,True,bull,90,90.01780125700822
2025-09 Sep,2025-09-16,5019.686448084395,1.087502697127185,-0.21440282229028274,True,bull,90,90.12519008121123
2025-09 Sep,2025-09-17,5022.741305791124,0.0608575403727718,0.6120702481375861,True,neutral,50,90.13119599259434
2025-09 Sep,2025-09-18,4952.020519851019,-1.4080117138138393,-1.162683642776574,True,neutral,50,89.9902576477521
2025-09 Sep,2025-09-19,4916.666055709633,-0.7139401785526078,0.08472449200318533,True,neutral,25,89.91828019940658
2025-09 Sep,2025-09-22,4919.182248612369,0.05117681116078021,0.4595372641006623,True,neutral,30,30.00498711785599
2025-09 Sep,2025-09-23,4900.325520934942,-0.38333053593910815,-0.06257451452790219,True,recovery,35,29.735642379214056
2025-09 Sep,2025-09-24,4915.5047040852205,0.3097586698155297,1.0242317211154983,True,recovery,35,29.952620211088814
2025-09 Sep,2025-09-25,4898.801043360241,-0.3398157815024949,0.6004505843207442,True,recovery,35,29.713776531520818
2025-09 Sep,2025-09-26,4892.803336347408,-0.1224321412473528,-0.9456648194139272,True,recovery,35,29.627618117535352
2025-09 Sep,2025-09-29,4903.585926287273,0.22037652443056555,1.5385328817338007,True,recovery,60,59.99690928690469
2025-09 Sep,2025-09-30,4897.418430434402,-0.12577521727126229,0.4467697664940262,True,bull,50,59.946531950440686
2025-10 Oct,2025-10-09,5000.0,0.0,1.4822782971684711,True,neutral,60,60.0
2025-10 Oct,2025-10-10,5020.744266649386,0.41488533298772445,-1.967265189674794,True,neutral,50,60.16526845860031
2025-10 Oct,2025-10-13,4987.4064472127575,-0.6640015437168856,-0.49503620879588484,True,neutral,50,59.8989971808351
2025-10 Oct,2025-10-14,4978.793962160947,-0.17268464367133918,-1.195368981878231,True,neutral,50,59.82962911901781
2025-10 Oct,2025-10-15,5042.258974481844,1.2747065414482783,1.4810101818348187,True,neutral,50,60.33523842940801
2025-10 Oct,2025-10-16,4990.830881052992,-1.0199415319427807,0.2634225215618402,True,neutral,60,59.99001110949907
2025-10 Oct,2025-10-17,4934.272959299173,-1.1332365912965159,-2.2559003919520593,False,neutral,0,59.531406196535066
2025-10 Oct,2025-10-20,4972.691090923099,0.7785976159167207,0.5313192600739702,False,neutral,0,59.844059392752
2025-10 Oct,2025-10-21,5059.602177279736,1.747767652715848,1.5347867666177573,False,neutral,0,60.53383623677354
2025-10 Oct,2025-10-22,5094.458522619938,0.6889147430745757,-0.33208387732993616,False,neutral,0,60.803864195049385
2025-10 Oct,2025-10-23,5068.601816717013,-0.5075457143898232,0.29994099164520893,True,neutral,56,55.991772536557285
2025-10 Oct,2025-10-24,5051.079350965516,-0.34570610170452376,1.1796554535103088,True,neutral,50,55.83910563015344
2025-10 Oct,2025-10-27,5069.8889335090425,0.3723873896364527,1.1872720828101535,True,neutral,50,56.002945114358994
2025-10 Oct,2025-10-28,5062.328598698252,-0.1491222965619876,-0.5098792010804098,True,neutral,50,55.93723771130544
2025-10 Oct,2025-10-29,5062.605646979751,0.005472743937851021,1.1906505003332235,True,neutral,50,55.93964902149261
2025-10 Oct,2025-10-30,5049.522972213548,-0.25841781245607987,-0.7988267501966129,True,neutral,57,56.9954828572327
2025-10 Oct,2025-10-31,5042.4361281510955,-0.14034680308318004,-1.4701551685371683,True,neutral,50,56.935042566225256
2025-11 Nov,2025-11-03,5000.0,0.0,0.2744216996346305,True,neutral,57,56.99999999999999
2025-11 Nov,2025-11-04,5004.268659958254,0.08537319916508412,-0.7457768003330201,True,neutral,50,57.03667916146742
2025-11 Nov,2025-11-05,5032.8711516720405,0.5715618736190198,0.18529027329989844,True,neutral,50,57.28084556097331
2025-11 Nov,2025-11-06,5026.807419527111,-0.12048256277960023,1.4294861945208792,False,neutral,0,57.22931434277508
2025-11 Nov,2025-11-07,5031.838365877348,0.10008233716480852,-0.31126668645331534,False,neutral,0,57.27207744628882
2025-11 Nov,2025-11-10,5048.419064218852,0.329515718428941,0.3474613329845333,True,neutral,60,60.01878927752673
2025-11 Nov,2025-11-11,5069.076037638181,0.40917707418026694,-0.9134086083410042,True,neutral,50,60.181716564676194
2025-11 Nov,2025-11-12,5071.758026753839,0.05290883576698491,-0.1345179858156409,True,neutral,50,60.202772814247716
2025-11 Nov,2025-11-13,5102.850565144456,0.6130524805521453,1.2089348303926606,True,neutral,50,60.44526410383501
2025-11 Nov,2025-11-14,5113.566560552688,0.21000018071133386,-1.5723699797153157,True,neutral,50,60.52815504956103
2025-11 Nov,2025-11-17,5112.804991097099,-0.01489311709490515,-0.6500883724347206,True,neutral,60,60.025758959006524
2025-11 Nov,2025-11-18,5065.219315929549,-0.9307156296868513,-0.6494053026356972,False,neutral,0,59.650217224167164
2025-11 Nov,2025-11-19,5036.545984970383,-0.5660827137137336,0.4399770324940322,False,neutral,0,59.4205037103594
2025-11 Nov,2025-11-20,5024.952447335685,-0.23018826134605375,-0.5087731992645672,False,neutral,0,59.3268789602027
2025-11 Nov,2025-11-21,4930.368937357239,-1.8822767174363264,-2.439020115891799,False,neutral,0,58.54661147949278
2025-11 Nov,2025-11-24,4961.189710226489,0.6251210256442041,-0.12484259952829646,False,correction,0,0.0
2025-11 Nov,2025-11-25,4961.189710226489,0.0,0.9522604072617957,False,correction,0,0.0
2025-11 Nov,2025-11-26,4961.189710226489,0.0,0.6062036720518638,False,correction,0,0.0
2025-11 Nov,2025-11-27,4961.189710226489,0.0,-0.04920726062759284,False,correction,0,0.0
2025-11 Nov,2025-11-28,4961.189710226489,0.0,0.24934651458574653,False,correction,0,0.0
2025-12 Dec,2025-12-01,5000.0,0.0,1.100678601583227,False,neutral,0,0.0
2025-12 Dec,2025-12-02,5000.0,0.0,-0.484017650223334,False,correction,0,0.0
2025-12 Dec,2025-12-03,5000.0,0.0,-0.5112930866965182,False,correction,0,0.0
2025-12 Dec,2025-12-04,5000.0,0.0,0.34245932895451414,False,correction,0,0.0
2025-12 Dec,2025-12-05,5000.0,0.0,0.8351577872178773,False,correction,0,0.0
2025-12 Dec,2025-12-08,5000.0,0.0,0.8118158932952202,False,correction,0,0.0
2025-12 Dec,2025-12-09,5000.0,0.0,-0.5091572357253882,False,correction,0,0.0
2025-12 Dec,2025-12-10,5000.0,0.0,-0.13909721211867732,False,recovery,0,0.0
2025-12 Dec,2025-12-11,5000.0,0.0,-0.863316496897637,False,recovery,0,0.0
2025-12 Dec,2025-12-12,5000.0,0.0,0.6318943540299715,False,recovery,0,0.0
2025-12 Dec,2025-12-15,5000.0,0.0,-0.630655213438247,False,recovery,0,0.0
2025-12 Dec,2025-12-16,5000.0,0.0,-1.1973699819422423,False,correction,0,0.0
2025-12 Dec,2025-12-17,5000.0,0.0,1.83032781144421,False,correction,0,0.0
2025-12 Dec,2025-12-18,5000.0,0.0,-0.5913261824831539,False,correction,0,0.0
2025-12 Dec,2025-12-19,5000.0,0.0,0.3379244345174559,False,correction,0,0.0
2025-12 Dec,2025-12-22,5000.0,0.0,0.9510575113316433,True,correction,36,36.0
2025-12 Dec,2025-12-23,4987.995805779578,-0.24008388440843742,0.19754429242280214,True,neutral,50,35.8459765284452
2025-12 Dec,2025-12-24,5019.75019988884,0.636616295315795,0.2883740981411087,True,neutral,50,36.2518079072767
2025-12 Dec,2025-12-25,5037.594446686944,0.355480772698602,0.18292818455698523,True,neutral,50,36.47761776249115
2025-12 Dec,2025-12-26,5035.950833564059,-0.03262694407577538,0.31672344597866164,True,neutral,50,36.45688558608732
2025-12 Dec,2025-12-29,5039.109827977921,0.06272885733529243,-0.3836607089177213,True,neutral,60,60.01059915801561
2025-12 Dec,2025-12-30,5040.777937637193,0.0331032606197601,0.2567157796356856,True,neutral,50,60.02383257290479
2025-12 Dec,2025-12-31,5038.7268602572785,-0.04068969919502896,-0.4588412398990327,True,neutral,50,60.00755976927415
2026-01 Jan,2026-01-05,5000.0,0.0,1.896482459815907,True,neutral,60,60.0
2026-01 Jan,2026-01-06,5022.9067194144245,0.4581343882885003,1.546246872977064,True,bull,90,60.18241803556402
2026-01 Jan,2026-01-07,5043.59713955431,0.4119212498992608,-0.29281770031649446,True,bull,90,60.34576226727072
2026-01 Jan,2026-01-08,5071.502527118326,0.5532834362437011,-0.8167202814682861,True,bull,90,60.56395537011754
2026-01 Jan,2026-01-09,5120.6851576379795,0.9697842060940376,0.44891416722283584,True,bull,90,60.94272663850827
2026-01 Jan,2026-01-12,5193.570082762206,1.4233432222543918,0.6512819499878475,True,bull,90,89.99589734070032
2026-01 Jan,2026-01-13,5064.190230626569,-2.4911544481715286,-0.6030168378735712,True,bull,90,89.74031268375316
2026-01 Jan,2026-01-14,5137.290644748609,1.4434768599321801,-0.4011945309336462,True,bull,90,89.88630158012735
2026-01 Jan,2026-01-15,5187.66456418743,0.980554204974049,0.20029814858124606,True,neutral,50,89.9845088992644
2026-01 Jan,2026-01-16,5261.907967844707,1.4311527420221015,-0.41158144213037096,True,neutral,50,90.12582344774412
2026-01 Jan,2026-01-19,5283.331408512841,0.4071420632791867,0.05458726385938473,True,neutral,60,60.00002185916813
2026-01 Jan,2026-01-20,5247.869731906321,-0.6711991708372111,-0.32903463460216553,True,neutral,50,59.729728128271184
2026-01 Jan,2026-01-21,5340.5178325010165,1.7654420808391524,0.08881348490044072,False,neutral,0,60.428342816278025
2026-01 Jan,2026-01-22,5378.478473720026,0.7108045026643417,0.013550511330651105,False,neutral,0,60.707634717906465
2026-01 Jan,2026-01-23,5477.0490526172325,1.8326851985898118,-0.44905391081456747,False,neutral,0,61.41478032768438
2026-01 Jan,2026-01-26,5487.067351417884,0.1829141697364367,0.09499208611933874,False,neutral,0,0.0
2026-01 Jan,2026-01-27,5487.067351417884,0.0,-0.027023788582192232,False,neutral,0,0.0
2026-01 Jan,2026-01-28,5487.067351417884,0.0,0.26136432218684114,False,neutral,0,0.0
2026-01 Jan,2026-01-29,5487.067351417884,0.0,0.7604719890309308,False,neutral,0,0.0
2026-01 Jan,2026-01-30,5487.067351417884,0.0,-0.9998169912092569,False,neutral,0,0.0
2026-02 Feb,2026-02-02,5000.0,0.0,-2.1324426199552216,False,neutral,0,0.0
2026-02 Feb,2026-02-03,5000.0,0.0,1.1751462229536491,False,neutral,0,0.0
2026-02 Feb,2026-02-04,5000.0,0.0,0.8277921515535969,False,neutral,0,0.0
2026-02 Feb,2026-02-05,5000.0,0.0,-0.6015302585852256,False,correction,0,0.0
2026-02 Feb,2026-02-06,5000.0,0.0,-0.5743167797150561,False,correction,0,0.0
2026-02 Feb,2026-02-09,5000.0,0.0,1.6250337023289818,False,correction,0,0.0
2026-02 Feb,2026-02-10,5000.0,0.0,0.11103915698396083,False,correction,0,0.0
2026-02 Feb,2026-02-11,5000.0,0.0,-0.2217684920673868,False,correction,0,0.0
2026-02 Feb,2026-02-12,5000.0,0.0,0.1221727011580187,False,correction,0,0.0
2026-02 Feb,2026-02-13,5000.0,0.0,-1.2537561620975524,False,correction,0,0.0
2026-02 Feb,2026-02-24,5000.0,0.0,1.0114569417342567,False,correction,0,0.0
2026-02 Feb,2026-02-25,5000.0,0.0,0.6020549144097442,False,correction,0,0.0
2026-02 Feb,2026-02-26,5000.0,0.0,-0.19029174266442794,False,correction,0,0.0
2026-02 Feb,2026-02-27,5000.0,0.0,-0.3432924169334717,False,correction,0,0.0
2026-03 Mar,2026-03-02,5000.0,0.0,0.38258014238807814,False,neutral,0,0.0
2026-03 Mar,2026-03-03,5000.0,0.0,-1.5389742864218237,False,neutral,0,0.0
2026-03 Mar,2026-03-04,5000.0,0.0,-1.1441621548247571,False,correction,0,0.0
2026-03 Mar,2026-03-05,5000.0,0.0,0.9791586323022239,False,correction,0,0.0
2026-03 Mar,2026-03-06,5000.0,0.0,0.27426516214930086,False,correction,0,0.0
2026-03 Mar,2026-03-09,5000.0,0.0,-0.9652309578561225,False,correction,0,0.0
2026-03 Mar,2026-03-10,5000.0,0.0,1.2848354062600542,False,correction,0,0.0
2026-03 Mar,2026-03-11,5000.0,0.0,0.636182936606744,False,correction,0,0.0
2026-03 Mar,2026-03-12,5000.0,0.0,-0.3599960548377523,False,correction,0,0.0
2026-03 Mar,2026-03-13,5000.0,0.0,-0.3929549701763846,False,correction,0,0.0
2026-03 Mar,2026-03-16,5000.0,0.0,0.051808255910068546,False,neutral,0,0.0
2026-03 Mar,2026-03-17,5000.0,0.0,-0.7303771610291054,False,neutral,0,0.0
2026-03 Mar,2026-03-18,5000.0,0.0,0.4505288371448035,False,correction,0,0.0
2026-03 Mar,2026-03-19,5000.0,0.0,-1.6117571697337185,False,correction,0,0.0
2026-03 Mar,2026-03-20,5000.0,0.0,-0.3541809078315805,False,correction,0,0.0
2026-03 Mar,2026-03-23,5000.0,0.0,-3.2629825413431623,False,bear,0,0.0
2026-03 Mar,2026-03-24,5000.0,0.0,1.2839528863419103,False,bear,0,0.0
2026-03 Mar,2026-03-25,5000.0,0.0,1.4021876666304722,False,bear,0,0.0
2026-03 Mar,2026-03-26,5000.0,0.0,-1.320825324090602,False,bear,0,0.0
2026-03 Mar,2026-03-27,5000.0,0.0,0.5591470662199338,False,bear,0,0.0
2026-03 Mar,2026-03-30,5000.0,0.0,-0.2358652947094586,False,bear,0,0.0
2026-03 Mar,2026-03-31,5000.0,0.0,-0.9328020124890091,False,bear,0,0.0
2026-04 Apr,2026-04-01,5000.0,0.0,1.7082508529681295,False,neutral,0,0.0
2026-04 Apr,2026-04-02,5000.0,0.0,-1.0418095887665846,False,neutral,0,0.0
2026-04 Apr,2026-04-03,5000.0,0.0,-0.8512108069054225,False,bear,0,0.0
2026-04 Apr,2026-04-07,5000.0,0.0,-0.0038957041192388964,False,bear,0,0.0
2026-04 Apr,2026-04-08,5000.0,0.0,3.489155558598167,True,bear,80,80.0
2026-04 Apr,2026-04-09,4965.674259646958,-0.6865148070608451,-0.6382687970726386,True,correction,35,79.86174791757088
2026-04 Apr,2026-04-10,5024.23077609306,1.1792258892605156,1.5404850922775548,True,correction,50,80.09645566524675
2026-04 Apr,2026-04-13,5090.63529733807,1.3216853326281308,0.20681254186827314,True,correction,50,80.35608639018184
2026-04 Apr,2026-04-14,5189.680850417191,1.9456422881229285,1.1865510298300297,True,correction,50,80.73099235149283
2026-04 Apr,2026-04-15,5103.7258598750705,-1.656267370183484,-0.3411408457774434,True,correction,40,39.97079890278306
2026-04 Apr,2026-04-16,5152.9209136962,0.9639047074980089,1.0962498020381517,True,correction,50,40.54389905865148
2026-04 Apr,2026-04-17,5174.280967308205,0.41452321837951445,-0.1675460582763133,True,neutral,50,40.7893409880117
2026-04 Apr,2026-04-20,5175.924362867041,0.031760848883544135,0.6084160626915969,True,neutral,50,40.80814082495566
2026-04 Apr,2026-04-21,5187.9813644436335,0.23294392907073913,0.22186292549652986,True,neutral,50,40.94570422182639
2026-04 Apr,2026-04-22,5204.053181724031,0.309789418106754,0.6633812898791724,True,neutral,55,54.9955947808331
2026-04 Apr,2026-04-23,5115.742068718375,-1.6969679194631104,-0.2771048666906917,True,neutral,64,63.99853542303827
2026-04 Apr,2026-04-24,5186.773733209648,1.388491904734912,-0.3543009075644088,True,neutral,28,64.49156713881408
2026-04 Apr,2026-04-27,5205.974406164225,0.37018528168368814,0.03308613780985681,True,neutral,27,64.62252932827276
2026-04 Apr,2026-04-28,5165.858249387624,-0.7705792162385761,-0.26701197896351614,True,neutral,26,64.34780089181308
2026-04 Apr,2026-04-29,5310.48334348099,2.7996334222006647,1.095769667908586,True,bull,50,65.31874879187316
2026-04 Apr,2026-04-30,5359.2363392613415,0.9180519479493165,-0.06319710407586276,True,bull,55,55.026496562502004
